Rank,Name,Median_score,Cooperation_rating,Wins,Initial_C_rate,CC_rate,CD_rate,DC_rate,DD_rate,CC_to_C_rate,CD_to_C_rate,DC_to_C_rate,DD_to_C_rate
0,Evolved ANN 5 Noise 05,2.489445564516129,0.4929961693548387,126.0,0.9507661290322581,0.39874213709677414,0.09425403225806447,0.19692943548387098,0.31007439516129043,0.8146881389185696,0.6307722592684483,0.43774367940994696,0.16747696505929108
1,"DBS: 0.75, 3, 4, 3, 5",2.4325,0.4033048387096774,133.5,0.9477016129032259,0.3197764112903226,0.08352842741935479,0.21958508064516147,0.3771100806451611,0.8351018922044244,0.5019355204039665,0.282513447267666,0.23797779377107064
2,Second by RichardHufford,2.4021975806451614,0.4097227822580645,132.0,0.9494354838709678,0.3071965725806452,0.10252620967741934,0.22280141129032258,0.3674758064516129,0.8195014565225615,0.15420221565756564,0.6609419487332698,0.08032754333066126
3,Revised Downing,2.380766129032258,0.3976883064516129,119.5,0.9508064516129032,0.27279516129032244,0.12489314516129034,0.2405697580645161,0.36174193548387124,0.7103453578193621,0.42388414024601767,0.38334424715330156,0.2561130179686372
4,Evolved FSM 16 Noise 05,2.376078629032258,0.44272701612903226,109.0,0.9501209677419354,0.3397141129032258,0.1030129032258064,0.19943427419354848,0.3578387096774194,0.8599069264068468,0.48985930435489317,0.4122785561695381,0.09527619350232243
5,Evolved ANN,2.3655846774193545,0.42030262096774196,134.0,0.9501209677419354,0.3525431451612905,0.0677594758064516,0.18289415322580643,0.3968032258064515,0.8134753490773933,0.620642660134051,0.29561778189738486,0.06975897501344458
6,Second by Borufsen,2.3173387096774194,0.5489209677419354,115.0,0.9478629032258065,0.42252822580645155,0.1263927419354839,0.14928104838709683,0.30179798387096785,0.9147332151841883,0.13263093139390475,0.6840585849040343,0.14620007026251708
7,First by Downing,2.311028225806452,0.2971195564516129,149.0,0.05008064516129032,0.21865846774193537,0.07846108870967741,0.23857459677419351,0.4643058467741936,0.5167644732900305,0.36960942048714945,0.2635090549398468,0.1206069972382674
8,Second by Mikkelson,2.3106048387096774,0.5643191532258065,95.0,0.9491935483870968,0.4742512096774194,0.09006794354838712,0.11287620967741938,0.3228046370967741,0.8956200996592497,0.6720922271080927,0.5021221321358784,0.3076208407420719
9,Second by Rowsam,2.3050907258064517,0.4969641129032258,98.5,0.9510887096774193,0.40097741935483877,0.09598669354838713,0.14934112903225813,0.35369475806451595,0.7961805252551156,0.6408046692476831,0.4533237674299761,0.25285782146583047
10,Level Punisher,2.300866935483871,0.4655578629032258,124.5,0.9483467741935484,0.39160604838709695,0.07395181451612902,0.14756854838709665,0.38687358870967736,0.8535158327688446,0.6393269147285703,0.35591913126422703,0.13739470849298366
11,"Omega TFT: 3, 8",2.297056451612903,0.3940622983870968,179.0,0.9510483870967742,0.32418911290322605,0.06987318548387098,0.17953669354838703,0.4264010080645159,0.8437766554615123,0.11276631077811211,0.476372255135823,0.058482732369286305
12,Evolved FSM 6,2.2962903225806452,0.4537899193548387,103.0,0.9506854838709677,0.2855467741935483,0.1682431451612905,0.22308588709677418,0.32312419354838706,0.7413983206694945,0.24719212000120766,0.6118968783319816,0.21466281010555321
13,Second by White,2.2853125,0.6793737903225806,19.0,0.9497177419354839,0.5357068548387097,0.143666935483871,0.08918749999999998,0.23143870967741942,0.9498786701623664,0.6088124514727078,0.9494652868931032,0.36219647385824894
14,"DoubleCrosser: (D, D)",2.2835383064516126,0.35106532258064516,160.0,0.9505241935483871,0.2764983870967742,0.07456693548387101,0.2014874999999999,0.44744717741935486,0.8253437248668984,0.5052552463339472,0.25735829742740307,0.05786622534664273
15,Second by Cave,2.277570564516129,0.5309018145161291,111.5,0.9528629032258065,0.4227981854838712,0.10810362903225804,0.13461068548387098,0.3344874999999998,0.9118550866710292,0.32724742807251783,0.6079956463664515,0.15423828308913448
16,Second by Tranquilizer,2.2703326612903227,0.5854451612903225,68.0,0.9488306451612903,0.44011491935483876,0.1453302419354839,0.13337963709677414,0.28117520161290327,0.8631680652578645,0.44277323162849175,0.8673313024790584,0.34517252086069045
17,PSO Gambler 2_2_2 Noise 05,2.2640322580645162,0.4523647177419355,117.0,0.9509677419354838,0.3045860887096775,0.14777862903225802,0.19976169354838716,0.3478735887096774,0.6302066708814351,0.4747935320974227,0.5921423688846911,0.27668557948430356
18,Second by Yamachi,2.2523387096774194,0.5890588709677419,77.0,0.9478225806451613,0.47347600806451634,0.11558286290322574,0.1052213709677419,0.305719758064516,0.8414971885092392,0.6287574021290941,0.5753221362226942,0.352488266160763
19,"Stalker: (D,)",2.2485887096774198,0.6013852822580645,63.0,0.9495564516129033,0.4594941532258065,0.141891129032258,0.1185516129032258,0.2800631048387098,0.9067072071055438,0.7158512569094836,0.46689187774882396,0.18785876343976649
20,Second by Kluepfel,2.243850806451613,0.4870602822580645,113.0,0.9510080645161291,0.37173608870967717,0.11532419354838709,0.15337318548387097,0.3595665322580648,0.8800072958401627,0.3088750640744404,0.6732594512027106,0.11392915201772309
21,Doubler,2.2395060483870965,0.6549941532258065,32.0,0.9518951612903226,0.5071933467741934,0.14780080645161295,0.09330443548387096,0.2517014112903227,0.9498703656739635,0.5325539196272863,0.9497776291115871,0.21320315727304326
22,Second by Harrington,2.2391431451612904,0.6468157258064516,89.0,0.9488709677419355,0.44252661290322587,0.20428911290322568,0.1396715725806452,0.21351270161290323,0.9192412240044083,0.29836160272687545,0.874734940673157,0.2896959440187117
23,"Grumpy: Nice, 10, -10",2.236945564516129,0.7227387096774194,41.0,0.9483467741935484,0.5497294354838711,0.17300927419354842,0.07713084677419355,0.2001304435483871,0.9138394535596653,0.8790124757155667,0.6219231204040769,0.5451010014792357
24,Spiteful Tit For Tat,2.234092741935484,0.23239233870967743,218.0,0.9514112903225806,0.18007399193548398,0.05231834677419355,0.23022399193548398,0.5373836693548385,0.7769230569333231,0.05014602149699552,0.23228528693746728,0.049920529062403844
25,Soft Go By Majority: 40,2.2314314516129032,0.6309360887096774,65.0,0.9482258064516129,0.5031120967741939,0.12782399193548377,0.0876752016129032,0.2813887096774192,0.9002255486640616,0.7441107809596538,0.5583945668609096,0.28176805368061575
26,"Memory Decay: 0.1, 0.03, -2, 1, Tit For Tat, 15",2.229435483870968,0.4817038306451613,124.5,0.948266129032258,0.39498225806451626,0.08672157258064518,0.13089798387096768,0.387398185483871,0.8700419409844616,0.5394677237317489,0.43260637713851374,0.1393692582553563
27,VeryBad,2.227247983870968,0.6572675403225806,63.0,0.9481451612903226,0.5185235887096774,0.1387439516129033,0.08296874999999997,0.25976370967741935,0.8995340630140619,0.7694389210265153,0.5970881099963418,0.3250800715489571
28,Soft Go By Majority: 20,2.226451612903226,0.6202971774193549,68.5,0.9503629032258064,0.498894758064516,0.1214024193548387,0.08738104838709677,0.29232177419354854,0.9030172302420111,0.7219151691006365,0.553602984450616,0.26223603340050855
29,Original Gradual,2.2257459677419353,0.4572344758064516,128.0,0.9510887096774193,0.32718326612903237,0.1300512096774194,0.17507741935483878,0.36768810483870945,0.9136892303249294,0.33693906081813707,0.2748070240158891,0.17310152588045796
30,Second by GraaskampKatzen,2.224868951612903,0.2903594758064516,215.0,0.9499596774193548,0.23361854838709678,0.056740927419354846,0.20334536290322572,0.5062951612903226,0.8136567406062114,0.04969401065545301,0.3228260018469048,0.04966868942812806
31,ShortMem,2.222953629032258,0.5971475806451613,60.5,0.9504838709677419,0.48092399193548385,0.11622358870967739,0.09476189516129033,0.3080905241935485,0.9291433279699567,0.5879417719007393,0.6471042830978789,0.25654316741747824
32,Soft Go By Majority,2.2212399193548387,0.6532072580645162,65.0,0.9502822580645162,0.511125806451613,0.14208145161290328,0.08501290322580642,0.2617798387096773,0.8994389317050553,0.7673582970431301,0.581229422739413,0.29497354244592733
33,Soft Go By Majority: 10,2.218397177419355,0.6190758064516129,68.0,0.9515322580645161,0.49938225806451597,0.11969354838709684,0.08477278225806452,0.29615141129032263,0.9107801735553326,0.6983938182663714,0.5648065336017711,0.2685489986251137
34,"BackStabber: (D, D)",2.214193548387097,0.19599899193548387,202.0,0.9511290322580646,0.14751028225806448,0.04848870967741935,0.24191935483870944,0.5620816532258067,0.7930284908069385,0.34220861697732896,0.10653896243442801,0.05270159383206665
35,Second by Eatherley,2.207479838709677,0.7506465725806452,23.0,0.9487096774193549,0.5590024193548389,0.19164415322580647,0.07020443548387097,0.1791489919354838,0.9499390427798081,0.6136103746396986,0.9499835999343479,0.491745596155643
36,"EugineNier: (D,)",2.2041935483870967,0.17579133064516128,217.0,0.9490725806451613,0.12938366935483872,0.046407661290322574,0.247634879032258,0.5765737903225806,0.7831627934096306,0.050676271432087805,0.16233309019502054,0.049887261559390925
37,Tit For 2 Tats,2.2014516129032256,0.7050921370967742,21.0,0.9489112903225806,0.5414840725806452,0.16360806451612894,0.07058729838709672,0.22432056451612908,0.949946521184736,0.6842629525206455,0.9500501411004668,0.28634082051972104
38,GTFT: 0.3,2.1972681451612908,0.6968048387096775,56.5,0.947258064516129,0.4904629032258063,0.20634193548387095,0.10548951612903229,0.1977056451612904,0.9500077236891533,0.32015383055760416,0.9506622358780121,0.319706616346264
39,GTFT: 0.1,2.1946874999999997,0.5887510080645161,80.5,0.95125,0.42166673387096787,0.16708427419354824,0.1298929435483871,0.2813560483870967,0.9496505541983268,0.14012892644175046,0.9495348161049535,0.1407217767088046
40,"ZD-GTFT-2: 0.25, 0.5",2.1927721774193545,0.6390985887096774,72.0,0.9473387096774194,0.4454453629032257,0.19365322580645158,0.12385685483870965,0.23704455645161301,0.9502255727372815,0.16198132981102084,0.9505912883806906,0.2748830272891234
41,Second by WmAdams,2.1926310483870965,0.5198572580645161,87.0,0.9527822580645161,0.374129637096774,0.14572762096774197,0.1473038306451613,0.3328389112903228,0.9461121086811749,0.2232875695763547,0.7634928717187308,0.17585477768252178
42,Soft Go By Majority: 5,2.1918346774193544,0.5526963709677419,96.0,0.9507258064516129,0.44654375,0.10615262096774188,0.10150987903225805,0.3457937500000001,0.9128758137421766,0.5795713519672329,0.5211999704196181,0.17806584998248387
43,"First by Stein and Rapoport: 0.05: (D, D)",2.1914717741935483,0.44504193548387094,157.0,0.9508064516129032,0.33454032258064514,0.1105016129032259,0.15761875,0.397339314516129,0.9153496750672643,0.07714033681762596,0.740751363226257,0.05231818380602505
44,Soft Joss: 0.9,2.191048387096774,0.5875108870967742,80.0,0.9516935483870967,0.4203737903225807,0.16713709677419364,0.12972701612903215,0.28276209677419356,0.9498313554119274,0.14002914589785517,0.9500164275107117,0.14009428480067604
45,GTFT: 0.33,2.1900604838709676,0.7116431451612903,54.0,0.9518548387096775,0.49930967741935467,0.21233346774193562,0.10126209677419352,0.1870947580645162,0.9500655976487463,0.3506467333032966,0.9508413460937473,0.35084798915007365
46,Second by Black,2.189475806451613,0.7019784274193548,20.0,0.9478225806451613,0.5312272177419354,0.17075120967741933,0.07413165322580645,0.22388991935483887,0.9037276457251755,0.683996288492764,0.7559197680842874,0.4419995058725843
47,Contrite Tit For Tat,2.189082661290323,0.5376270161290323,93.0,0.9532258064516129,0.39784032258064495,0.13978669354838716,0.13353870967741943,0.32883427419354844,0.9498620635083884,0.10613764823401539,0.9496838078844896,0.05041311717767176
48,Forgiving Tit For Tat,2.1880745967741935,0.5474441532258064,82.0,0.9533467741935484,0.40713266129032283,0.14031149193548387,0.1284796370967741,0.3240762096774192,0.9505933290719364,0.21694588779541302,0.9498190459909676,0.10028341133903129
49,Evolved FSM 4,2.187348790322581,0.5507241935483871,88.0,0.949274193548387,0.2766649193548387,0.27405927419354836,0.2273631048387097,0.2219127016129032,0.763526701438569,0.41506617594724454,0.14889476094183746,0.704965708546959
50,Gradual,2.1847177419354837,0.32628064516129035,167.0,0.9514516129032258,0.24514616935483868,0.08113447580645163,0.19431088709677427,0.47940846774193535,0.8846668893579575,0.26047146335945015,0.19773595399496974,0.10135590101193565
51,Evolved HMM 5,2.1845362903225807,0.36987379032258066,106.0,0.9506451612903226,0.20261995967741922,0.16725383064516122,0.2366177419354839,0.39350846774193565,0.841876953371839,0.3829959089763754,0.13499111879794098,0.21575177683028673
52,CAPRI,2.179858870967742,0.2757177419354839,139.0,0.9495967741935484,0.18012580645161286,0.09559193548387093,0.22842540322580648,0.4958568548387097,0.8756091746061093,0.24642333357813986,0.45523739870506397,0.05007410957269701
53,Second by Tideman and Chieruzzi,2.1774495967741934,0.49638770161290324,126.0,0.9499596774193548,0.36183951612903215,0.13454818548387096,0.14683669354838702,0.35677560483870985,0.8980454267231596,0.30516016665241835,0.6055977181333777,0.16944497676814343
54,Dynamic Two Tits For Tat,2.175,0.6774040322580646,27.0,0.949758064516129,0.5008086693548387,0.17659536290322578,0.08716411290322584,0.2354318548387098,0.8668528809970192,0.5868984513562283,0.6944474802931241,0.43954986651123756
55,Once Bitten,2.173709677419355,0.4720375,140.0,0.9508064516129032,0.38191935483870965,0.0901181451612904,0.12468709677419351,0.40327540322580646,0.9080918107461913,0.5453350349032204,0.32154721816212223,0.11877191350284312
56,Hard Tit For 2 Tats,2.172237903225806,0.6219824596774194,26.0,0.9483064516129033,0.48190262096774183,0.14007983870967744,0.08716310483870975,0.29085443548387097,0.9302028889697361,0.5613789445195763,0.5031619350651391,0.3491691858054522
57,Adaptive,2.171733870967742,0.4129151209677419,135.5,0.9518145161290322,0.2515770161290322,0.16133810483870958,0.2074965725806452,0.379588306451613,0.8028058660148766,0.7137454864373428,0.2162469478962903,0.07966246743085352
58,Hard Prober,2.171512096774194,0.3286774193548387,129.0,0.049717741935483874,0.20682137096774197,0.1218560483870967,0.2198671370967741,0.4514554435483872,0.8700612974997541,0.07528351651217144,0.6664279394350119,0.06350580885138304
59,"Alexei: (D,)",2.170866935483871,0.5130504032258064,120.0,0.9491532258064516,0.37098266129032254,0.14206774193548397,0.14307560483870965,0.3438739919354838,0.9468606243075445,0.04964759998992096,0.9455783941798569,0.050633458473330076
60,Second by Champion,2.1681754032258063,0.7522899193548387,20.0,0.953266129032258,0.5526641129032264,0.19962580645161274,0.0653570564516129,0.18235302419354812,0.9500792917295138,0.6678894539130469,0.9502836929498115,0.452829307653622
61,Forgetful Fool Me Once: 0.05,2.1671875,0.3806282258064516,139.0,0.9515725806451613,0.27922076612903235,0.10140745967741928,0.1778614919354838,0.4415102822580645,0.8999526292532415,0.47606268793952916,0.191486158651109,0.10412260902634077
62,Tit For Tat,2.166905241935484,0.5149,115.0,0.9499596774193548,0.3728489919354838,0.14205100806451623,0.1411288306451613,0.34397116935483874,0.9502169147795706,0.049550701934813667,0.9497855491124689,0.05052301894778818
63,Adaptive Tit For Tat: 0.5,2.1613508064516127,0.5140122983870967,116.0,0.9487096774193549,0.37179012096774194,0.14222217741935486,0.14071693548387101,0.3452707661290323,0.9495471876176127,0.056635552733519993,0.9499641647675053,0.05145148120515222
64,Resurrection,2.154647177419355,0.4659189516129032,169.0,0.949516129032258,0.3461010080645161,0.11981794354838708,0.14574294354838713,0.3883381048387096,0.9501894081577796,0.05044092234690427,0.700587081029876,0.049970373627846884
65,Math Constant Hunter,2.1489919354838714,0.44335362903225806,110.0,0.9511693548387097,0.22901471774193555,0.21433891129032265,0.22652681451612883,0.33011955645161306,0.7009829765638025,0.7349627481822583,0.19790081898866677,0.21222227666641083
66,Second by Weiner,2.1473790322580646,0.37457620967741934,209.0,0.949274193548387,0.3053300403225807,0.0692461693548387,0.15147923387096773,0.4739445564516129,0.8609067886177512,0.12361923752183684,0.4073942774171716,0.05439777632965304
67,Second by Grofman,2.1472479838709675,0.39000665322580647,173.0,0.9502822580645162,0.32222237903225814,0.06778427419354839,0.1427931451612903,0.46720020161290315,0.8454753230285861,0.49649524409052925,0.2705412833582143,0.10764444431193516
68,Fool Me Once,2.1466229838709676,0.12816673387096775,213.0,0.9503629032258064,0.08604213709677415,0.04212459677419357,0.2545167338709675,0.6173165322580647,0.7335204613926876,0.1736478540036096,0.08152894726789124,0.05104488168432557
69,Raider,2.146229838709677,0.37839354838709677,114.0,0.04786290322580645,0.242964314516129,0.13542923387096778,0.19949717741935488,0.42210927419354843,0.8737920188211932,0.09573973022938666,0.7505136721518382,0.12407038787001541
70,Meta Majority Long Memory: 136 players,2.1453124999999997,0.37889737903225806,213.0,0.9502016129032258,0.3037036290322581,0.07519375,0.1533032258064516,0.4677993951612902,0.8581281208903384,0.05129260146054551,0.47603350085872503,0.04978780174774724
71,Slow Tit For Two Tats 2,2.1421068548387097,0.5257814516129032,98.0,0.9483870967741935,0.4208114919354839,0.10496995967741944,0.10149838709677417,0.3727201612903226,0.9498831942831161,0.6093098806653037,0.42972583509463436,0.05073560307899871
72,Meta Hunter: 6 players,2.1393750000000002,0.27043649193548386,142.0,0.9504838709677419,0.14251290322580648,0.12792358870967746,0.24607862903225816,0.4834848790322579,0.6953952319244266,0.5296933959791312,0.2082797586027974,0.10286070756450756
73,Firm But Fair,2.1370262096774195,0.6725854838709677,75.5,0.9506451612903226,0.4285262096774195,0.24405927419354845,0.13028548387096767,0.1971290322580644,0.949550059962085,0.050238810352538646,0.9500116717841184,0.6513804162736402
74,Evolved FSM 16,2.132923387096774,0.36677862903225805,130.0,0.9499596774193548,0.13746491935483868,0.2293137096774194,0.27213124999999994,0.3610901209677419,0.5110039445576009,0.4464886904706256,0.3145714180129147,0.31340118852099685
75,EvolvedLookerUp2_2_2,2.1324495967741934,0.5192639112903226,98.0,0.9506048387096774,0.2519149193548385,0.2673489919354839,0.22384012096774206,0.2568959677419355,0.663408430968576,0.3572600155472258,0.34413727231155455,0.75934385718114
76,"N Tit(s) For M Tat(s): 3, 2",2.1322580645161286,0.5339026209677419,102.0,0.9498387096774193,0.425246370967742,0.10865625000000001,0.09797842741935477,0.3681189516129032,0.9155036900754515,0.5658962444514394,0.43187756679718414,0.19481599572540964
77,Meta Majority Finite Memory: 81 players,2.1313104838709678,0.46927137096774196,171.5,0.9513306451612903,0.3583163306451612,0.11095504032258068,0.1311735887096775,0.3995550403225807,0.9218688353037169,0.12044413512004351,0.6923633336132963,0.06112334969514994
78,Prober 2,2.1309677419354838,0.6190161290322581,85.0,0.04814516129032258,0.4367481854838709,0.1822679435483871,0.10938044354838712,0.2716034274193549,0.9497680566231226,0.3774520875925737,0.9496846058917254,0.1265210594679033
79,Prober 3,2.1294254032258064,0.24492096774193547,154.5,0.048427419354838706,0.1460274193548387,0.09889354838709674,0.2338637096774194,0.5212153225806452,0.7210731878881703,0.05072982160453422,0.523874837134955,0.05490988512550935
80,Second by Getzler,2.1279737903225806,0.5062108870967742,107.0,0.95125,0.37389032258064525,0.13232056451612903,0.12768366935483866,0.3661054435483871,0.8764443302262522,0.3195689270910612,0.6857250354148924,0.15754225488119003
81,AdaptorBrief,2.126451612903226,0.2695887096774194,200.0,0.9416532258064516,0.18517278225806455,0.08441592741935479,0.21025221774193537,0.5201590725806454,0.8239503300021138,0.15218752372827732,0.2854227753154264,0.07034651293144395
82,Forgiver,2.1254334677419355,0.23574475806451614,196.0,0.9488709677419355,0.1890393145161291,0.04670544354838711,0.19890201612903216,0.5653532258064515,0.7474584522080033,0.2528225289232918,0.1459411908107896,0.060186164967581265
83,Meta Majority: 217 players,2.1245564516129036,0.4085735887096774,209.5,0.9506048387096774,0.3211772177419354,0.08739637096774193,0.14238608870967745,0.4490403225806452,0.8872820556780873,0.05247299251173831,0.5416991469301053,0.05041132042924587
84,Evolved ANN 5,2.123961693548387,0.3228951612903226,179.0,0.9511290322580646,0.24218286290322577,0.08071229838709672,0.18004919354838714,0.4970556451612904,0.9450231669015112,0.5765522983564033,0.0502214477296732,0.07139167230809368
85,"First by Feld: 1.0, 0.5, 200",2.1222177419354837,0.3507709677419355,170.0,0.9496774193548387,0.23161612903225823,0.1191548387096773,0.19437822580645156,0.4548508064516129,0.8118710708889589,0.04996274372456983,0.7224741324852522,0.05004393421315152
86,DoubleResurrection,2.120514112903226,0.4820072580645161,110.0,0.9523387096774194,0.2826235887096776,0.19938366935483873,0.18847540322580653,0.32951733870967714,0.838713330153646,0.05074234719945,0.9503840560965953,0.14598816164411135
87,Meta Majority Memory One: 37 players,2.1178528225806454,0.4645028225806452,150.0,0.954274193548387,0.3375254032258064,0.12697741935483883,0.1429598790322581,0.3925372983870967,0.9318106146902089,0.06943931908728031,0.8046871420500645,0.057854640196100496
88,"ZD-GEN-2: 0.125, 0.5, 3",2.1161491935483867,0.6114627016129033,71.0,0.9502016129032258,0.42807822580645155,0.18338447580645162,0.11135403225806449,0.27718326612903227,0.9502633307705186,0.5567752852238228,0.5006775963778003,0.16273560304802095
89,"First by Tideman and Chieruzzi: (D, D)",2.1160887096774195,0.36419193548387097,189.0,0.9491129032258064,0.2814419354838708,0.08275000000000006,0.15898286290322577,0.4768252016129035,0.8892205210817091,0.13068436809215273,0.43764028209903344,0.05240974651389219
90,"Michaelos: (D,)",2.1157560483870963,0.10301129032258065,216.0,0.9520564516129032,0.062078629032258095,0.04093266129032261,0.25822762096774193,0.6387610887096774,0.7327043872019748,0.04982719053979213,0.08916114984124313,0.04967557420739513
91,NMWE Memory One: 37 players,2.1144052419354837,0.11774193548387096,203.0,0.9497177419354839,0.06412520161290321,0.05361673387096772,0.2598481854838708,0.6224098790322583,0.612554585024054,0.1527250026518461,0.11716097974656169,0.08509707017551704
92,TF3,2.114122983870968,0.10772520161290322,215.0,0.95125,0.0646707661290322,0.04305443548387097,0.25727439516129025,0.6350004032258065,0.5734092540457955,0.1892327603641454,0.12205508398986507,0.0519702904544028
93,First by Shubik,2.113447580645161,0.3317897177419355,159.0,0.9504435483870968,0.22851310483870965,0.10327661290322578,0.18971129032258072,0.47849899193548395,0.8911478762740689,0.04936880994023663,0.22779970635482133,0.17194646259890803
94,Meta Winner: 8 players,2.1133971774193547,0.1281445564516129,183.0,0.9493548387096774,0.06913266129032254,0.05901189516129034,0.25832036290322585,0.6135350806451613,0.6264402916344942,0.3059543937733418,0.07943285331053121,0.07809740408523307
95,Second by Appold,2.1121673387096775,0.5565193548387096,81.0,0.9490725806451613,0.37728709677419364,0.17923225806451595,0.13408891129032258,0.3093917338709678,0.769866604911605,0.4838828826681918,0.6228598662416269,0.3915847715116261
96,PSO Gambler Mem1,2.1115524193548385,0.38339737903225807,114.0,0.9487903225806451,0.24243024193548388,0.14096713709677425,0.19265927419354845,0.42394334677419343,0.9492398878684518,0.5203202515269412,0.05019700394199037,0.1584386108813253
97,NMWE Deterministic: 149 players,2.1099495967741935,0.10735806451612903,200.5,0.9535483870967741,0.05869919354838702,0.048658870967741935,0.26047681451612914,0.6321651209677419,0.6152647450070273,0.1273290277108517,0.0953095212747361,0.0657135019325949
98,MEM2,2.109677419354839,0.09383709677419355,217.5,0.9498387096774193,0.05416713709677424,0.039669959677419354,0.2604808467741935,0.6456820564516128,0.6605235828851728,0.08025303395533313,0.07206429377685382,0.05010313300199691
99,Nice Meta Winner: 217 players,2.108881048387097,0.11844193548387097,198.0,0.9518145161290322,0.06554879032258062,0.05289314516129031,0.2575685483870966,0.6239895161290324,0.6174101697463383,0.29497656964591157,0.08127379250535856,0.07314099968377998
100,NMWE Long Memory: 136 players,2.1065625,0.10742862903225807,201.0,0.9498387096774193,0.05858266129032264,0.04884596774193548,0.259665120967742,0.6329062499999999,0.6116704220681624,0.13161098716463077,0.09576924488177906,0.06582840758456265
101,Worse and Worse 3,2.1061592741935486,0.5621528225806451,83.0,0.9493548387096774,0.3733467741935484,0.18880604838709675,0.13651754032258065,0.3013296370967742,0.7253442275779479,0.5425071325651559,0.5684685835650279,0.42515265034225375
102,Nice Meta Winner Ensemble: 217 players,2.106008064516129,0.11629092741935484,192.0,0.9485483870967742,0.061448588709677426,0.054842338709677356,0.26013487903225796,0.6235741935483872,0.5982502522370576,0.14041579940469223,0.11027969512426633,0.07686572511821248
103,Prober,2.1050504032258064,0.31711290322580643,141.0,0.05145161290322581,0.19944879032258067,0.11766411290322583,0.20615624999999996,0.4767308467741936,0.8610526502972387,0.0728295462551128,0.626294993468091,0.05646274624461179
104,Grudger,2.1043951612903227,0.09333467741935483,217.0,0.9490725806451613,0.05440342741935483,0.03893124999999998,0.2585229838709678,0.6481423387096774,0.6541050370788334,0.0506141638911431,0.06793368472189981,0.04995818426246507
105,Nice Average Copier,2.10390120967742,0.5619086693548387,82.0,0.949758064516129,0.3740223790322581,0.1878862903225807,0.13621088709677417,0.30188044354838706,0.7265036638985933,0.5418122955266245,0.5696211631633479,0.430874187122474
106,First by Davis: 10,2.1022379032258067,0.11214052419354839,205.0,0.9500806451612903,0.06477943548387097,0.04736108870967741,0.2554114919354839,0.6324479838709677,0.720683736883737,0.26331591759554945,0.07122787031753704,0.05222505445905072
107,Remorseful Prober: 0.1,2.1020564516129037,0.433354435483871,133.0,0.9519354838709677,0.2861681451612902,0.1471862903225806,0.1686752016129032,0.39797036290322596,0.8588811075164575,0.054043755982178684,0.859973061502903,0.1477465080874173
108,NMWE Stochastic: 68 players,2.1008971774193546,0.15124334677419354,167.0,0.9512096774193548,0.07459556451612902,0.0766477822580645,0.2570096774193548,0.5917469758064517,0.5662884335694758,0.17776854377561518,0.1706391893512178,0.12032384647662313
109,"General Soft Grudger: n=1,d=4,c=2",2.0988709677419353,0.5490167338709677,95.0,0.9480241935483871,0.35071854838709676,0.19829818548387093,0.14833870967741938,0.3026445564516128,0.9285492153626721,0.37621225559842797,0.33669647874935366,0.2906617242782239
110,Calculator,2.098608870967742,0.4266697580645161,124.0,0.9481854838709678,0.29191411290322594,0.1347556451612904,0.1627520161290322,0.4105782258064515,0.9177417959657388,0.0501805396143104,0.8064388887777346,0.05003128374671543
111,Soft Grudger,2.0984072580645163,0.5489183467741936,96.0,0.9504435483870968,0.3505629032258062,0.19835544354838716,0.1486141129032259,0.3024675403225808,0.9281736292774282,0.3754988612184521,0.33703468101499606,0.28961914481722445
112,NMWE Finite Memory: 81 players,2.098377016129032,0.14562862903225807,175.0,0.9502419354838709,0.07174798387096774,0.07388064516129032,0.2576758064516128,0.596695564516129,0.576125943076094,0.18380375593818335,0.14558567145757978,0.1209628680447096
113,Detective,2.0974395161290325,0.36453145161290323,128.0,0.948508064516129,0.2352354838709678,0.1292959677419355,0.189044758064516,0.44642379032258067,0.8542816146514657,0.0706149125599134,0.7088881133019677,0.06031976090589667
114,First by Graaskamp: 0.05,2.0961895161290323,0.565984879032258,129.0,0.9502822580645162,0.3549760080645162,0.21100887096774193,0.14885564516129035,0.2851594758064516,0.8557535766978446,0.5694763754432285,0.6690530484219978,0.21898336012799716
115,Second by Tester,2.0961693548387097,0.47516129032258064,110.0,0.05193548387096774,0.32754395161290323,0.14761733870967744,0.14710161290322568,0.3777370967741937,0.9241567552571437,0.07729278295491228,0.9505407071729814,0.07514723294499907
116,SpitefulCC,2.095766129032258,0.09322479838709677,216.5,0.9491532258064516,0.05394919354838712,0.039275604838709656,0.25738508064516125,0.649390120967742,0.6426636218239341,0.07974421212877753,0.06753933481424942,0.050231231746145376
117,Second by Leyvraz,2.0952318548387097,0.6312614919354839,75.0,0.95,0.409728629032258,0.22153286290322588,0.12489556451612896,0.24384294354838715,0.8195184307544077,0.4586726370231585,0.8012310161883011,0.4472352720230312
118,PSO Gambler 2_2_2,2.0941733870967743,0.33558084677419353,108.0,0.9503225806451613,0.12118205645161297,0.21439879032258072,0.2662479838709677,0.39817116935483865,0.5281233562676922,0.17318204683609942,0.33644787753170724,0.4101737534283312
119,Second by Gladstein,2.0927217741935484,0.47358125,108.0,0.050201612903225806,0.32555302419354815,0.14802822580645156,0.14747721774193545,0.3789415322580648,0.9238964645442604,0.07651815656291487,0.9481805718250366,0.0762195429181869
120,GTFT: 0.7,2.0922681451612903,0.8499788306451613,31.0,0.9508467741935483,0.566619758064516,0.2833590725806453,0.06040120967741935,0.0896199596774193,0.9500826800582844,0.6802938008957404,0.951088743923589,0.6822370473470301
121,Sneaky Tit For Tat,2.0903024193548387,0.7268594758064516,57.0,0.949516129032258,0.46862701612903235,0.25823245967741926,0.1030411290322581,0.17009939516129036,0.931626643386702,0.4245794929678437,0.8530940846807473,0.45969626627417276
122,Second by Colbert,2.089929435483871,0.689065120967742,75.5,0.9523387096774194,0.4375643145161289,0.2515008064516129,0.11611189516129028,0.19482298387096786,0.9293914325095403,0.3952201225401149,0.5688992660035894,0.5364946302516974
123,Suspicious Tit For Tat,2.0893245967741936,0.472298185483871,114.5,0.05036290322580645,0.32416028225806454,0.14813790322580644,0.14727459677419347,0.3804272177419356,0.9498420001241094,0.049675957173854604,0.9498406189534364,0.04994088272823492
124,PSO Gambler 1_1_1,2.0892237903225808,0.30225665322580647,131.0,0.9505241935483871,0.18374959677419356,0.118507056451613,0.20986250000000006,0.48788084677419336,0.949817347118003,0.2510337480346705,0.05019861897303278,0.16933686003051768
125,Prober 4,2.0876108870967744,0.19257600806451614,160.0,0.9512096774193548,0.1042502016129032,0.08832580645161289,0.2420844758064518,0.5653395161290321,0.6227206225744049,0.1611600873921032,0.32756429954712,0.0781702264660424
126,Burn Both Ends,2.084838709677419,0.4102227822580645,152.0,0.9483064516129033,0.2731727822580645,0.13705000000000003,0.1681798387096774,0.421597379032258,0.8598215821507391,0.0497472376785115,0.8602047494170226,0.05031674231545495
127,Ripoff,2.081350806451613,0.46723709677419356,109.0,0.04806451612903226,0.31889758064516127,0.1483395161290322,0.148027620967742,0.3847352822580645,0.9090761316068439,0.07422534103234253,0.9471978358919644,0.07731450702105575
128,Winner12,2.0812298387096773,0.3133717741935484,137.0,0.9488709677419355,0.1968260080645162,0.11654576612903224,0.20128508064516124,0.48534314516129035,0.9500959269452917,0.05906852781893594,0.05116478812196906,0.3519426859935976
129,Random Hunter,2.0807963709677417,0.8363558467741935,47.0,0.9509677419354838,0.533423991935484,0.3029318548387097,0.07890685483870968,0.08473729838709675,0.9253633536633313,0.9128656207737154,0.6876300656001065,0.5588059877471432
130,Naive Prober: 0.1,2.0805846774193544,0.4099883064516129,152.5,0.9507258064516129,0.27310080645161294,0.13688750000000002,0.16787358870967728,0.4221381048387097,0.8601998126375031,0.04989278878806363,0.8599340185998181,0.05025080122480637
131,Worse and Worse 2,2.0795362903225802,0.3160540322580645,131.0,0.94875,0.15133366935483872,0.1647203629032258,0.23498084677419356,0.44896512096774194,0.6167567939839997,0.3070370467054217,0.3385591927251483,0.22473718960607908
132,First by Joss: 0.9,2.0793245967741933,0.40956209677419353,152.0,0.9510483870967742,0.27250887096774196,0.13705322580645152,0.1681064516129031,0.42233145161290353,0.8600388413734916,0.04965289946555455,0.8589632464985069,0.049719607978707746
133,ZD-Mem2,2.077711693548387,0.45346451612903227,119.0,0.9526209677419355,0.288348387096774,0.16511612903225814,0.16688568548387106,0.37964979838709667,0.8186778816133436,0.19770281815304994,0.7592452690903734,0.1616405980184505
134,AdaptorLong,2.0710080645161293,0.2256524193548387,135.0,0.9437903225806452,0.07942520161290324,0.14622721774193548,0.2646229838709678,0.5097245967741936,0.7323255292514593,0.06398815094148325,0.05970945788786148,0.24129431621554306
135,Adaptive Pavlov 2011,2.069264112903226,0.4095296370967742,193.5,0.9503225806451613,0.3183193548387096,0.09121028225806453,0.13182580645161304,0.4586445564516129,0.8929992495050965,0.19509885831065524,0.4255272337243172,0.06749659870476227
136,Meta Winner Long Memory: 136 players,2.065665322580645,0.09225,188.5,0.9495967741935484,0.037361895161290314,0.054888104838709637,0.26125887096774164,0.6464911290322585,0.40507100088548414,0.2179872155291372,0.0878172393483508,0.08014069316087255
137,EvolvedLookerUp1_1_1,2.061199596774194,0.17894193548387097,205.0,0.9502016129032258,0.11086209677419359,0.06807983870967742,0.2266804435483872,0.5943776209677417,0.7654172160693957,0.05043292375384247,0.24474080074580384,0.0503456435943855
138,Meta Winner Deterministic: 149 players,2.0603629032258066,0.08611471774193548,200.0,0.9495967741935484,0.03627721774193547,0.04983749999999996,0.25979536290322564,0.654089919354839,0.39847927452246584,0.27551788975687425,0.0825145302359679,0.07124626053516943
139,First by Tullock,2.059868951612903,0.39324677419354837,167.0,0.9501612903225807,0.274971370967742,0.11827540322580647,0.15702217741935479,0.4497310483870967,0.7268839559479779,0.446436680065281,0.42410197368389563,0.24065836321975184
140,Meta Winner: 217 players,2.0596875,0.09151189516129032,196.0,0.9498790322580645,0.0384328629032258,0.05307903225806452,0.2591004032258065,0.6493877016129033,0.4150369389498466,0.2710833570058114,0.08485147375478849,0.0753964961704492
141,Average Copier,2.0586693548387096,0.520758064516129,88.0,0.4983064516129032,0.33707681451612925,0.18368125,0.14205786290322592,0.3371840725806449,0.6997784636290558,0.5085716319678572,0.542394661056044,0.38988993587990994
142,Meta Hunter Aggressive: 7 players,2.058094758064516,0.22883104838709678,136.5,0.951733870967742,0.0969457661290323,0.1318852822580645,0.24918225806451608,0.5219866935483871,0.5827259812620073,0.5349899644684329,0.15407985887150916,0.110820750966512
143,Adaptive Pavlov 2006,2.0551713709677424,0.3815647177419355,190.0,0.9496774193548387,0.2885120967741937,0.09305262096774196,0.14235846774193556,0.4760768145161288,0.871528248341458,0.15254649413620103,0.4472261251935592,0.06631418667211482
144,Fortress4,2.0513004032258064,0.23521693548387096,126.0,0.04907258064516129,0.07824153225806457,0.1569754032258064,0.26296552419354846,0.5018175403225806,0.7096969877298817,0.08500579096599126,0.06912202848171325,0.2572859953864203
145,First by Nydegger,2.0511592741935485,0.87139375,52.0,0.9497983870967742,0.5314512096774194,0.33994254032258053,0.08228447580645157,0.046321774193548354,0.8992606901377368,0.8548148543787761,0.7163563786025523,0.6248423412160012
146,AON2,2.0508870967741935,0.33715625,113.0,0.9494354838709678,0.13868306451612905,0.1984731854838709,0.24270584677419355,0.42013790322580646,0.8645735989295382,0.061183635913092733,0.051942667785166825,0.4160529174993032
147,Meta Winner Finite Memory: 81 players,2.050806451612903,0.0776054435483871,204.0,0.951733870967742,0.030805443548387077,0.04679999999999997,0.25933366935483865,0.6630608870967744,0.3694405658307098,0.2365817693688698,0.06001992649745977,0.06425681400573377
148,Knowledgeable Worse and Worse,2.050473790322581,0.4975883064516129,99.0,0.9473790322580645,0.2541020161290322,0.24348629032258082,0.1964298387096774,0.3059818548387096,0.6890560931740833,0.5716812226592498,0.4372650983759589,0.33214118099565376
149,"Limited Retaliate 3: 0.05, 20",2.0484677419354838,0.16349858870967743,173.0,0.9508870967741936,0.0942616935483871,0.06923689516129033,0.23213608870967756,0.604365322580645,0.6601101792676518,0.06828627452678923,0.11128522427595314,0.0958302721768639
150,Meta Winner Stochastic: 68 players,2.048407258064516,0.08790625,186.0,0.9500806451612903,0.03149818548387098,0.05640806451612905,0.2599284274193549,0.6521653225806451,0.3050050590424005,0.1443559275702109,0.10429405728993164,0.08309099482119825
151,Meta Winner Memory One: 37 players,2.046633064516129,0.06526350806451613,214.0,0.9494354838709678,0.02448588709677422,0.04077762096774196,0.25959677419354826,0.6751397177419356,0.3022749273396445,0.11833819492315545,0.05896764452642136,0.05762744257994121
152,Meta Winner Ensemble: 217 players,2.045252016129032,0.07613951612903226,198.0,0.8985887096774193,0.026577620967741925,0.049561895161290316,0.26088427419354837,0.6629762096774194,0.24864499882015864,0.11563925535030038,0.095695773837829,0.07202018422633555
153,Inverse Punisher,2.043477822580645,0.17628629032258064,197.0,0.95,0.11669616935483876,0.059590120967741904,0.21753044354838696,0.6061832661290324,0.8436242874400313,0.04957918762708415,0.22702760756891427,0.0498912289322841
154,Inverse,2.040413306451613,0.32195120967741936,184.0,0.9511290322580646,0.22267883064516136,0.09927237903225807,0.17379153225806454,0.5042572580645159,0.8204166076385913,0.04979282275383503,0.5782693309315413,0.050074570988099504
155,Retaliate 3: 0.05,2.0402419354838712,0.13032681451612904,218.0,0.9503629032258064,0.08755624999999993,0.042770564516129005,0.2271614919354837,0.6425116935483874,0.7289389237219942,0.05050931832281049,0.07911079824606136,0.052888395979349447
156,First by Grofman,2.038951612903226,0.6943461693548387,69.0,0.9502016129032258,0.4160344758064516,0.2783116935483872,0.12102157258064511,0.18463225806451625,0.9496746072235527,0.3070141009042634,0.3070359418166687,0.9497748725323232
157,Fortress3,2.0370262096774194,0.3221804435483871,112.0,0.05,0.11928245967741939,0.20289798387096772,0.2501272177419355,0.4276923387096774,0.7978334411607025,0.0906623673937981,0.0829531116119548,0.39680097754100724
158,Hard Go By Majority: 40,2.0357661290322584,0.4440953629032258,124.0,0.050806451612903224,0.3418981854838711,0.10219717741935479,0.11318487903225803,0.4427197580645162,0.8377001326262848,0.5426758114430522,0.4070933902010655,0.16195101056636207
159,Hard Go By Majority: 5,2.0335483870967743,0.4550913306451613,125.0,0.04967741935483871,0.3500760080645162,0.10501532258064512,0.11024778225806454,0.43466088709677414,0.865236290250988,0.47477682598932885,0.47139816263197304,0.13645991112751182
160,Random Tit for Tat: 0.5,2.0326512096774194,0.47923991935483873,97.0,0.9496370967741935,0.25855443548387086,0.2206854838709678,0.18435282258064523,0.33640725806451605,0.7264479938135422,0.23118884159238498,0.7560546105213045,0.285929326196118
161,CollectiveStrategy,2.0304838709677417,0.05680020161290322,219.0,0.9502822580645162,0.019201814516129033,0.03759838709677421,0.25816290322580665,0.6850368951612902,0.12130818651807808,0.051581921711894727,0.050583326686010455,0.05232302629571893
162,"Limited Retaliate 2: 0.08, 15",2.028659274193548,0.19148870967741935,164.0,0.9502822580645162,0.11186350806451623,0.07962520161290318,0.22124838709677427,0.5872629032258063,0.6686334249011147,0.07134980095273218,0.1268628138234012,0.1093932897022706
163,Retaliate 2: 0.08,2.027883064516129,0.15279495967741935,217.5,0.9492338709677419,0.1071141129032258,0.04568084677419352,0.21491310483870968,0.632291935483871,0.7550279611518905,0.04987086180885761,0.09181768915404254,0.05578294900969504
164,Hard Go By Majority: 20,2.027439516129032,0.42759798387096776,131.0,0.051008064516129034,0.3315715725806452,0.09602641129032263,0.11523205645161297,0.4571699596774192,0.8347613650451509,0.5162581205898692,0.39899625343889933,0.15660759871836008
165,Hard Go By Majority,2.0267741935483867,0.4598207661290323,117.0,0.05096774193548387,0.34783911290322583,0.1119816532258065,0.11068306451612901,0.4294961693548387,0.8489806401967198,0.5656548035809429,0.4210412779383368,0.17319371508535988
166,Thumper,2.0264818548387096,0.3503020161290323,179.0,0.9480241935483871,0.25477520161290323,0.09552681451612899,0.15318447580645161,0.4965135080645162,0.910592633407728,0.04993215312587569,0.5235730933351621,0.05020415685686784
167,Aggravater,2.0238407258064517,0.058855241935483874,220.0,0.05032258064516129,0.021729435483870973,0.0371258064516129,0.2548203629032258,0.6863243951612903,0.20992693478842817,0.04979627057798794,0.05909535938748344,0.049942283826960254
168,GrudgerAlternator,2.023588709677419,0.5200344758064516,95.0,0.9495564516129033,0.20209717741935487,0.3179372983870967,0.23414999999999997,0.24581552419354838,0.30090244673825767,0.050035752521489674,0.9497347158176708,0.9501653883733212
169,Punisher,2.022641129032258,0.2454,214.5,0.9483064516129033,0.18673125000000002,0.05866875000000005,0.1769167338709678,0.5776832661290321,0.8261300678000862,0.050965733235136305,0.22493983281387223,0.04981745050717916
170,"Limited Retaliate: 0.1, 20",2.0212701612903228,0.1913288306451613,173.5,0.947258064516129,0.11913447580645159,0.07219435483870967,0.21382278225806453,0.5948483870967741,0.7049566613928117,0.06741582808714848,0.12533196456197176,0.093513781821941
171,Hard Go By Majority: 10,2.020110887096774,0.4049068548387097,144.0,0.04830645161290323,0.3164362903225807,0.08847056451612903,0.11949979838709687,0.47559334677419346,0.8268253281816679,0.4704149802921414,0.38104930148403476,0.1440906858499107
172,Retaliate: 0.1,2.018961693548387,0.16512358870967742,217.0,0.9506451612903226,0.11723568548387105,0.047887903225806425,0.208058064516129,0.6268183467741935,0.7679448541078889,0.050211499221939036,0.10238624088482742,0.05691274040923997
173,Forgetful Grudger,2.017913306451613,0.1856258064516129,212.0,0.9493951612903225,0.13056229838709674,0.0550635080645161,0.20296854838709674,0.6114056451612905,0.8198655902822032,0.0495914493136255,0.16098392124379063,0.04978986092300872
174,UsuallyDefects,2.0154334677419357,0.1395788306451613,156.0,0.049193548387096775,0.04438286290322582,0.09519596774193548,0.2554733870967743,0.6049477822580643,0.04933769361666809,0.12443067672997869,0.04991059752138531,0.2491041124180111
175,Pun1,2.014576612903226,0.7305637096774193,44.0,0.04959677419354839,0.445445564516129,0.28511814516129025,0.10183366935483869,0.1676026209677421,0.950172376855993,0.26390630939560167,0.9500220417535453,0.8231651622747297
176,Defector,2.0143346774193547,0.049800201612903224,220.0,0.05185483870967742,0.013415927419354833,0.03638427419354835,0.2562594758064514,0.6939403225806454,0.04942293142655902,0.050860300350855495,0.05026364011141608,0.04979902287927842
177,SolutionB5,2.014022177419355,0.33331229838709675,161.5,0.04975806451612903,0.21873024193548388,0.11458205645161286,0.17287479838709685,0.4938129032258065,0.9166301465754264,0.04947531791870497,0.6148960253034035,0.05025067907089646
178,Two Tits For Tat,2.011209677419355,0.29272681451612903,213.0,0.9470564516129032,0.21953145161290322,0.07319536290322574,0.16210987903225804,0.5451633064516129,0.8582418077692925,0.05013183220438938,0.31004003807164426,0.050123748179254524
179,GTFT: 0.9,2.00046370967742,0.9165223790322581,21.0,0.9490322580645161,0.5855143145161292,0.33100806451612885,0.040497983870967744,0.04297963709677422,0.9500893985873065,0.8600519490197869,0.9491785952744036,0.8597445120727
180,Predator,1.9985987903225808,0.09950846774193549,210.0,0.9500403225806452,0.042532661290322536,0.05697580645161296,0.24276814516129036,0.6577233870967741,0.29354046110609106,0.05375517742004842,0.15492781051787397,0.0565644132330624
181,Random: 0.1,1.995766129032258,0.14026592741935484,148.5,0.14205645161290323,0.04131512096774193,0.0989508064516129,0.2530953629032259,0.6066387096774193,0.1404438423076107,0.14011184269929852,0.13988522581503038,0.14053415827914403
182,Stochastic Cooperator,1.9955745967741936,0.49529596774193546,95.5,0.9503629032258064,0.2726542338709679,0.22264173387096783,0.16804173387096769,0.33666229838709666,0.8911097664490065,0.25597244145397946,0.2904213662189419,0.42788907132754067
183,Hard Tit For Tat,1.9955443548387095,0.22613004032258063,218.0,0.9496774193548387,0.17045362903225808,0.0556764112903226,0.1779487903225806,0.5959211693548387,0.7981483060168497,0.0498455207804065,0.17815940789437354,0.05046216724087573
184,Willing,1.9937096774193548,0.8701163306451613,20.0,0.49850806451612906,0.5640098790322582,0.3061064516129031,0.04306048387096774,0.08682318548387097,0.9499963907560721,0.9506786400061854,0.950357382028873,0.05187315440706837
185,Meta Mixer: 217 players,1.9868245967741935,0.4119788306451613,115.0,0.788024193548387,0.20623004032258072,0.20574879032258073,0.19469637096774187,0.3933247983870968,0.5846103190568315,0.32479030069289505,0.5304460693409508,0.3125202580529648
186,Better and Better,1.986703629032258,0.14046270161290322,147.5,0.05137096774193548,0.04103125,0.09943145161290326,0.25102620967741934,0.6085110887096774,0.1616275596625838,0.15893590808730962,0.13399420537456888,0.1374122895563084
187,TF1,1.9803125,0.12943366935483872,205.0,0.947741935483871,0.06474637096774198,0.06468729838709683,0.22907036290322574,0.6414959677419354,0.39855568850685447,0.23206035006869205,0.1555331479249683,0.08033259257995481
188,"ZD-Extort-2 v2: 0.125, 0.5, 1",1.9796874999999998,0.3152413306451613,155.0,0.9504838709677419,0.2022826612903226,0.11295866935483868,0.17175967741935483,0.5129989919354838,0.8382649724143264,0.4436601271670421,0.3878374387165938,0.050088488952272484
189,"ZD-Extort-2: 0.1111111111111111, 0.5",1.9783870967741934,0.32194939516129034,151.0,0.9500806451612903,0.20746532258064523,0.11448407258064507,0.1701832661290323,0.5078673387096775,0.8502323080192473,0.5004863096004215,0.3509968377499607,0.050363192596428075
190,"ZD-Mischief: 0.1, 0.0, 1",1.974264112903226,0.20193165322580645,162.0,0.9491129032258064,0.11187036290322586,0.09006129032258063,0.21029758064516124,0.5877707661290322,0.7689980563687356,0.5899832815414443,0.14010805088560507,0.049994131661522265
191,Cycle Hunter,1.9728830645161293,0.823683064516129,48.0,0.9504435483870968,0.5043296370967743,0.3193534274193548,0.07049818548387096,0.10581874999999996,0.9401697137389348,0.9124855740378356,0.5515122734706615,0.268348647303328
192,"ZD-SET-2: 0.25, 0.0, 2",1.97125,0.4136820564516129,109.0,0.9489516129032258,0.20748205645161277,0.20620000000000002,0.19000322580645165,0.39631471774193555,0.7246324760108181,0.2741898346235948,0.5008986079483482,0.27480266782311336
193,"ZD-Extort-4: 0.23529411764705882, 0.25, 1",1.9680342741935484,0.2097497983870968,185.0,0.9499596774193548,0.11787721774193552,0.0918725806451613,0.20610504032258056,0.5841451612903227,0.6308736855778434,0.05012257936363483,0.4732517648694223,0.050057523898396704
194,Worse and Worse,1.9654334677419356,0.8597147177419355,56.0,0.9510483870967742,0.5019181451612903,0.3577965725806451,0.0792695564516129,0.06101572580645161,0.8697481849240173,0.8566579496422337,0.8464747434559382,0.8362798878650892
195,Hesitant QLearner,1.9649798387096773,0.8743030241935484,44.0,0.9031451612903226,0.5344985887096774,0.3398044354838711,0.05914717741935482,0.06654979838709674,0.9048469689647382,0.900126614737039,0.9051856397827546,0.7301131794427336
196,Cautious QLearner,1.9647983870967742,0.8749266129032258,44.0,0.9075,0.5349506048387096,0.3399760080645161,0.058817540322580644,0.06625584677419355,0.9055433118140094,0.9001081620988846,0.9048916921791939,0.7311350320384774
197,Arrogant QLearner,1.9639213709677419,0.8747830645161291,44.0,0.9055241935483871,0.5347689516129033,0.34001411290322575,0.05883427419354837,0.0663826612903226,0.9048179758045792,0.9001505587886676,0.9058271445815338,0.7314993782453288
198,ALLCorALLD,1.9633266129032259,0.5043747983870968,96.0,0.5893951612903225,0.286998185483871,0.21737661290322582,0.15203266129032264,0.3435925403225804,0.9497379180228245,0.9496142373804398,0.05025504474585788,0.05028736250210657
199,"ZD-Extort3: 0.11538461538461539, 0.3333333333333333, 1",1.961350806451613,0.272960685483871,157.0,0.9503225806451613,0.16771290322580637,0.10524778225806451,0.18329213709677417,0.5437471774193549,0.8110198223309676,0.49878900243468205,0.2919686631150835,0.05018994184319681
200,Risky QLearner,1.960826612903226,0.8751213709677419,45.0,0.9033870967741936,0.5332046370967741,0.3419167338709678,0.058895766129032266,0.0659828629032258,0.905019049740439,0.9002731303697571,0.9039671990524564,0.7355356920624139
201,TF2,1.9585181451612903,0.20630987903225806,167.0,0.9493145161290323,0.11323104838709688,0.09307883064516133,0.2057413306451614,0.5879487903225804,0.4962614738809391,0.0642870719229375,0.39226633138366807,0.10248564385247003
202,"ZD-Extortion: 0.2, 0.1, 1",1.9584173387096775,0.17572358870967741,184.5,0.9501209677419354,0.09602358870967746,0.07970000000000005,0.21198790322580632,0.6122885080645162,0.6258844137330923,0.2134638513121376,0.30232213667341207,0.04998370684598935
203,Tricky Level Punisher,1.9520262096774195,0.563164314516129,77.0,0.9505645161290323,0.3261314516129032,0.23703286290322578,0.1349582661290323,0.30187741935483875,0.922146647304355,0.8206227091438121,0.23125319884475784,0.10400368866678272
204,SelfSteem,1.9464919354838708,0.4697921370967742,89.0,0.5008064516129033,0.23565745967741938,0.23413467741935487,0.17760201612903223,0.35260584677419354,0.7358967167057721,0.3894294247720375,0.5944507941080988,0.27180911503727523
205,Opposite Grudger,1.9411290322580643,0.9389155241935484,19.0,0.05370967741935484,0.5796183467741937,0.3592971774193548,0.0352735887096774,0.025810887096774187,0.9495598772362756,0.9479486816709751,0.9498550677025696,0.7828973839685701
206,Alternator Hunter,1.9408266129032257,0.9355774193548387,21.0,0.9479435483870968,0.5758887096774195,0.35968870967741934,0.03718971774193551,0.02723286290322579,0.9476460478332082,0.9470261013050528,0.9150142524872955,0.8672224038823513
207,Random: 0.7,1.9386592741935482,0.6799177419354838,70.0,0.6779032258064516,0.33150866935483847,0.34840907258064546,0.15606754032258058,0.16401471774193546,0.6795442904067487,0.6797821066455018,0.6794027381977215,0.6803889492290794
208,Winner21,1.9378326612903227,0.26420665322580644,207.0,0.051774193548387096,0.1886145161290323,0.07559213709677426,0.15902379032258074,0.5767695564516128,0.9504435742886344,0.04994025346055258,0.2980767163335139,0.05634077111964553
209,Cycler CCCD,1.9375403225806451,0.7249328629032258,68.0,0.9508467741935483,0.35485100806451614,0.37008185483870976,0.14952036290322576,0.12554677419354845,0.6242509331927738,0.7019884832005409,0.9084006267193306,0.9079714135843421
210,Win-Stay Lose-Shift,1.9363911290322582,0.5337173387096774,82.0,0.9494354838709678,0.2494068548387096,0.2843104838709677,0.18058971774193547,0.28569294354838726,0.9502529918928493,0.04987321094850535,0.04994917140595054,0.9501216909362015
211,Defector Hunter,1.935141129032258,0.9485264112903226,17.0,0.9521370967741936,0.587504435483871,0.36102197580645146,0.031026612903225805,0.02044697580645159,0.9501307365670257,0.9490157557288933,0.9504363755889453,0.9271318587460836
212,Handshake,1.934334677419355,0.16106149193548386,193.0,0.9500806451612903,0.07521330645161288,0.08584818548387106,0.21797842741935475,0.6209600806451613,0.6173558787692768,0.411986387368488,0.08406876993134121,0.07703255657562735
213,Appeaser,1.9340524193548387,0.5342941532258064,82.5,0.9507258064516129,0.24966794354838717,0.28462620967741953,0.17994233870967724,0.285763508064516,0.9507733633747935,0.049895495166754886,0.05039640988909155,0.9503653754397452
214,Eventual Cycle Hunter,1.9335282258064515,0.9293207661290322,24.0,0.9513709677419355,0.5690965725806452,0.36022419354838714,0.039171572580645166,0.031507661290322585,0.9473546489216923,0.9465566790636124,0.7481974315757685,0.6077684044614476
215,Random: 0.9,1.9308467741935482,0.8599822580645161,54.0,0.8626209677419355,0.49056391129032245,0.3694183467741937,0.07987197580645167,0.060145766129032226,0.8603923378139835,0.8594164384316723,0.8595471694328138,0.8594488385604712
216,Cycler CCD,1.9298689516129033,0.6529193548387097,70.0,0.94875,0.2865836693548388,0.36633568548387074,0.18077762096774194,0.16630302419354845,0.4501439142306751,0.5770224219407187,0.9069041636661508,0.9018515700416565
217,Cooperator,1.9288004032258064,0.9499008064516129,18.0,0.9491129032258064,0.5856137096774195,0.36428709677419346,0.030895161290322597,0.019204032258064538,0.9498200204334665,0.949641825893137,0.9495456985728429,0.9515197519431156
218,Delayed AON1,1.927217741935484,0.5054256048387097,86.0,0.9503629032258064,0.21448245967741933,0.29094314516129055,0.19678588709677403,0.2977885080645161,0.8970294823914438,0.05598801160128756,0.052030507685611495,0.9499324292239391
219,Alternator,1.9263608870967743,0.501190120967742,90.0,0.9491532258064516,0.16481290322580633,0.33637721774193535,0.23413165322580654,0.2646782258064516,0.05021749463516282,0.0499227690676725,0.9505984107757085,0.9498067326141126
220,Cycler CCCDCD,1.9263306451612905,0.6530387096774194,72.0,0.9513306451612903,0.29106935483870966,0.3619693548387097,0.1768923387096774,0.17006895161290328,0.5133695862026862,0.518659717580615,0.9085718680379383,0.8883631882999308
221,Tricky Defector,1.9247379032258065,0.4110256048387097,112.0,0.05004032258064516,0.08182177419354841,0.3292038306451613,0.27238709677419376,0.3165872983870967,0.05027041770787958,0.765666028499447,0.04933537692205195,0.2943650041130265
222,Win-Shift Lose-Stay: D,1.9245262096774192,0.5196044354838709,90.0,0.05278225806451613,0.20351350806451615,0.31609092741935474,0.2083973790322581,0.271998185483871,0.04980689126969488,0.949883542013721,0.9498539460376489,0.049948310695340635
223,"Bush Mosteller: 0.5, 0.5, 3.0, 0.5",1.918578629032258,0.28856129032258065,130.0,0.5025403225806452,0.12740745967741934,0.16115383064516117,0.2067612903225807,0.5046774193548389,0.5131000911837656,0.313777448618826,0.2682444491792081,0.25934943834480684
224,Stochastic WSLS: 0.05,1.9164213709677418,0.5243963709677419,84.0,0.9483870967741935,0.23568951612903216,0.2887068548387096,0.18379737903225812,0.2918062500000001,0.9047910024225886,0.09487590065959861,0.09583302783640205,0.905148354152198
225,Random: 0.3,1.9156955645161289,0.3197554435483871,111.0,0.3207258064516129,0.10760120967741928,0.21215423387096763,0.2284572580645162,0.45178729838709697,0.31995284354955766,0.31947580963281935,0.3203023972477156,0.31955948167878573
226,ThueMorseInverse,1.915665322580645,0.4999927419354839,90.0,0.9520967741935484,0.18304455645161294,0.31694818548387105,0.2167193548387097,0.28328790322580644,0.3085738917937008,0.3870203973484517,0.5897834616761303,0.674090716492534
227,Cycler DDC,1.914516129032258,0.3468514112903226,110.0,0.04850806451612903,0.09753991935483874,0.24931149193548383,0.24213649193548392,0.4110120967741935,0.0997927895411306,0.09219582920060951,0.3976257968651365,0.5386969088078314
228,UsuallyCooperates,1.9124092741935486,0.8675834677419355,55.5,0.9511693548387097,0.4851239919354837,0.3824594758064518,0.08096411290322582,0.05145241935483875,0.7355318424064375,0.9500903355638315,0.8697111069573971,0.9510015979325649
229,Cycler CCCCCD,1.910866935483871,0.8015306451612904,60.0,0.9472177419354839,0.42186975806451626,0.37966088709677415,0.11185584677419357,0.0866135080645161,0.7597936442636162,0.8005765805794027,0.911873881138432,0.9138804888598022
230,Cycler DC,1.9074395161290323,0.49991854838709676,87.5,0.04826612903225806,0.16274274193548388,0.3371758064516128,0.2298272177419354,0.2702542338709679,0.1424090835246132,0.09483537225358785,0.9099230763626032,0.8633906568444679
231,Desperate,1.906592741935484,0.3769788306451613,106.0,0.4972983870967742,0.08020141129032264,0.29677741935483865,0.2602752016129032,0.3627459677419355,0.050043786302329384,0.049323210995566864,0.049991845058227805,0.9502887761492216
232,$e$,1.8938709677419354,0.8045497983870967,66.0,0.9517741935483871,0.3674439516129032,0.4371058467741935,0.1487943548387097,0.04665584677419356,0.6971704255570261,0.9487887452251139,0.7010095301333753,0.9496660570275243
233,$\pi$,1.8933870967741937,0.82541875,63.0,0.9502419354838709,0.3914284274193548,0.43399032258064524,0.13602862903225804,0.03855262096774195,0.723253766860283,0.9496942789244782,0.7655348689431168,0.9505048017220392
234,Random: 0.5,1.8903225806451611,0.4998024193548387,86.0,0.4980241935483871,0.19845423387096775,0.301348185483871,0.1986201612903225,0.3015774193548388,0.5005208530407257,0.49947060124274545,0.4992411387804566,0.5004179312498879
235,Tricky Cooperator,1.8902016129032257,0.8465899193548387,54.0,0.9521774193548387,0.43359475806451625,0.4129951612903225,0.10913266129032265,0.04427741935483872,0.8944874067534945,0.9495648500140005,0.4299540130230911,0.9504179336074152
236,First by Anonymous,1.8898185483870966,0.5001417338709677,85.0,0.49459677419354836,0.1985731854838709,0.3015685483870968,0.19845141129032254,0.30140685483870977,0.4997928859918894,0.49968755535397347,0.4999720553960126,0.5007385375456476
237,SolutionB1,1.8883971774193549,0.9344594758064516,19.0,0.05088709677419355,0.5588802419354838,0.3755792338709679,0.03641249999999999,0.029128024193548395,0.9489835928487401,0.9478824404624612,0.7815078699184098,0.8043173050393192
238,Cooperator Hunter,1.888195564516129,0.940266935483871,23.5,0.9503225806451613,0.5598969758064518,0.38036995967741916,0.037203427419354805,0.02252963709677421,0.9415721311206766,0.9498933387372246,0.7826433106809986,0.9506873507729919
239,ThueMorse,1.886360887096774,0.49997016129032257,84.5,0.05084677419354839,0.1789868951612904,0.3209832661290322,0.21299616935483867,0.2870336693548387,0.32543551584660435,0.3853792311074841,0.6184610913309808,0.6702978176779747
240,AntiCycler,1.8789616935483873,0.8600379032258064,52.0,0.9501209677419354,0.47211693548387085,0.3879209677419356,0.08050625000000002,0.05945584677419356,0.8333954317266339,0.8549179703542521,0.8485199139190037,0.8967593501468194
241,EasyGo,1.8643850806451614,0.9330122983870968,23.0,0.04721774193548387,0.5441889112903224,0.38882338709677433,0.04169979838709677,0.025287903225806447,0.9475504701118982,0.9496672492845343,0.6761079891234361,0.9497073825576362
242,Anti Tit For Tat,1.8518649193548387,0.5909637096774194,86.0,0.9499193548387097,0.1600635080645161,0.4309002016129034,0.2406566532258064,0.16837963709677406,0.04991459450337252,0.9503498724267895,0.05008700085864534,0.9496993593681281
243,Hopeless,1.851703629032258,0.7161620967741935,71.0,0.4992338709677419,0.25848669354838727,0.45767540322580663,0.1980209677419353,0.08581693548387087,0.04985130533031953,0.949877478905704,0.950085598886336,0.9498885123816315
244,Bully,1.8492237903225808,0.5883225806451613,85.0,0.050483870967741935,0.15800282258064524,0.4303197580645161,0.2406219758064515,0.17105544354838717,0.04987983094487506,0.9490194404912496,0.05002641986478957,0.9496701282661408
245,Negation,1.8470463709677418,0.5901858870967742,85.0,0.5012096774193548,0.1592457661290323,0.430940120967742,0.23993064516129034,0.16988346774193527,0.049465921827136924,0.9505396981697605,0.04999594633274766,0.9501137067015439
246,Meta Minority: 217 players,1.8427016129032259,0.6569983870967742,76.0,0.04951612903225806,0.20763568548387104,0.4493627016129029,0.21942580645161305,0.12357580645161291,0.5224998061833116,0.9503516693119672,0.15238502990394806,0.9496393176094805
247,$\phi$,1.8387701612903224,0.7151421370967742,72.0,0.9518145161290322,0.2629999999999999,0.45214213709677425,0.19071935483870975,0.09413850806451617,0.5805287868467303,0.9381065883279761,0.39698213336117577,0.9420853525001712
248,"Gradual Killer: (D, D, D, D, D, C, C)",1.8384475806451612,0.5978703629032258,82.5,0.04826612903225806,0.3727897177419354,0.22508064516129028,0.07968125,0.32244838709677437,0.9063659088024941,0.7882775079353331,0.3516310468215392,0.24075726614094933
